uid,site,PTM_type,pred_score
Q13285,194,Sumoylation_K,0.999995309576126
O00482-2,224,Sumoylation_K,0.9999594031012436
O00482-4,198,Sumoylation_K,0.9999536764004112
P06401,531,Sumoylation_K,0.9999429357702162
P06401-1,531,Sumoylation_K,0.9999429357702162
P06401-5,531,Sumoylation_K,0.999941932258968
O00482,270,Sumoylation_K,0.999918595739443
O00482-1,270,Sumoylation_K,0.999918595739443
P04150-12,188,Sumoylation_K,0.9999172283538974
P04150-3,704,Sumoylation_K,0.9999137102389568
P62508-1,40,Sumoylation_K,0.9999035112447552
P62508,40,Sumoylation_K,0.9999035112447552
P04150-13,180,Sumoylation_K,0.999903447583324
P04150,703,Sumoylation_K,0.9999025810220192
P04150-1,703,Sumoylation_K,0.9999025810220192
P06401-5,388,Sumoylation_K,0.9998763397820444
P55055-1,31,Sumoylation_K,0.9998738798959848
P55055,31,Sumoylation_K,0.9998738798959848
P06401,388,Sumoylation_K,0.9998679684784102
P06401-1,388,Sumoylation_K,0.9998679684784102
P62508-4,17,Sumoylation_K,0.999857817393894
P04150-9,251,Sumoylation_K,0.9998387172191276
P04150-8,251,Sumoylation_K,0.9998387172191276
P04150-11,192,Sumoylation_K,0.9998378499204172
Q13285,119,Sumoylation_K,0.9998374440796034
P10275-4,521,Sumoylation_K,0.999827427281992
P04150-13,196,Sumoylation_K,0.99982431329292
P62508-2,17,Sumoylation_K,0.9998193081230484
P62508-3,17,Sumoylation_K,0.999791148488852
P06401-2,367,Sumoylation_K,0.9997770573709842
P04150-12,204,Sumoylation_K,0.999734192007804
P04150-6,277,Sumoylation_K,0.9997325834569292
P04150-3,277,Sumoylation_K,0.9997325834569292
P04150-2,277,Sumoylation_K,0.999725408906476
P04150-1,277,Sumoylation_K,0.999725408906476
P04150,277,Sumoylation_K,0.999725408906476
P55055-2,31,Sumoylation_K,0.9996920551883132
P04150-5,277,Sumoylation_K,0.999688223559632
P04150-7,277,Sumoylation_K,0.999688223559632
P10276-3,302,Sumoylation_K,0.9996647111281948
P04150-11,208,Sumoylation_K,0.9996506874738446
P62508-5,45,Sumoylation_K,0.9996269795400872
P10275-3,521,Sumoylation_K,0.9995876267967262
P10275,388,Sumoylation_K,0.9994983921428472
P10275-1,388,Sumoylation_K,0.9994983921428472
P06401-1,388,Ubiquitination_K,0.9994773486539388
P06401,388,Ubiquitination_K,0.9994773486539388
P04150-3,495,Acetylation_K,0.9993953081306596
P04150,494,Acetylation_K,0.9993622315980344
P04150-1,494,Acetylation_K,0.9993622315980344
P04150-8,267,Sumoylation_K,0.9993534652541056
P04150-9,267,Sumoylation_K,0.9993534652541056
P04150-10,277,Sumoylation_K,0.9993345609116768
P04150-8,468,Acetylation_K,0.9993309909263436
P10275-2,316,Ubiquitination_K,0.9993203024381696
P04150-14,179,Acetylation_K,0.9992571956790018
P04150,480,Acetylation_K,0.9992272323778674
P04150-1,480,Acetylation_K,0.9992272323778674
P04150-9,468,Acetylation_K,0.9992115622592904
Q96RI1-3,220,Methylation_K,0.9992052754665957
Q96RI1,220,Methylation_K,0.9992052754665957
P04150-3,493,Acetylation_K,0.99917099452002
P10275-1,846,Ubiquitination_K,0.9991593023866554
P10275,846,Ubiquitination_K,0.9991593023866554
P04150-1,293,Sumoylation_K,0.9991250995788996
P04150-2,293,Sumoylation_K,0.9991250995788996
P04150,293,Sumoylation_K,0.9991250995788996
P04150-6,495,Acetylation_K,0.9991239279981534
P04150-3,293,Sumoylation_K,0.999092757372778
P04150-6,293,Sumoylation_K,0.999092757372778
Q96RI1-4,216,Methylation_K,0.9990474071778376
P04150-7,293,Sumoylation_K,0.9990335334499032
P04150-5,293,Sumoylation_K,0.9990335334499032
P04150-1,492,Acetylation_K,0.9990316556258771
P04150,492,Acetylation_K,0.9990316556258771
P04150-2,480,Acetylation_K,0.9989947171571436
P04150-10,468,Acetylation_K,0.9989649313611
P04150-3,481,Acetylation_K,0.9989640938663226
P04150-2,494,Acetylation_K,0.998947485619131
P10275-2,314,Ubiquitination_K,0.998910354320912
Q96RI1-2,206,Methylation_K,0.9989025199950672
P04150-6,481,Acetylation_K,0.9987219583536424
P04150-15,164,Acetylation_K,0.9987066084315408
P04150-9,454,Acetylation_K,0.9986294064637138
P10275-4,388,Sumoylation_K,0.9985792325942544
P10275,521,Sumoylation_K,0.9984852688509276
P10275-1,521,Sumoylation_K,0.9984852688509276
P03372-1,106,Phosphorylation_S,0.9983883562149368
P03372,106,Phosphorylation_S,0.9983883562149368
P04150-8,466,Acetylation_K,0.9983293365941406
P04150-6,493,Acetylation_K,0.9982515992562384
P41235-2,234,Ubiquitination_K,0.998246231811686
P04150-14,177,Acetylation_K,0.9982287823043452
Q96RI1-1,210,Methylation_K,0.998196715628048
P04150-15,373,Sumoylation_K,0.9981776171730348
P04150-8,677,Sumoylation_K,0.9980448362096416
P04150-15,162,Acetylation_K,0.9979976617502296
P04150-10,469,Acetylation_K,0.997878456738234
P11474-2,14,Sumoylation_K,0.9978476449373986
P11474,14,Sumoylation_K,0.9978247768864592
P11474-1,14,Sumoylation_K,0.9978247768864592
P03372,447,Palmitoylation_C,0.997800274988738
P03372-1,447,Palmitoylation_C,0.997800274988738
Q13285,38,Acetylation_K,0.9977499472054144
Q13285,72,Acetylation_K,0.997742442326647
P10826-3,280,Sumoylation_K,0.9976010505873624
P04150-2,492,Acetylation_K,0.9975830382271124
P13056,222,Phosphorylation_T,0.9975713615861544
P13056-1,222,Phosphorylation_T,0.9975713615861544
P11474-1,138,Acetylation_K,0.9975599610792938
P11474,138,Acetylation_K,0.9975599610792938
P04150-9,469,Acetylation_K,0.997537280677346
P04150-13,606,Sumoylation_K,0.9975344772353556
P04150-8,469,Acetylation_K,0.9975215370500088
P11474-2,138,Acetylation_K,0.9975198636027168
O95718-3,17,Sumoylation_K,0.9974849377739092
O95718,17,Sumoylation_K,0.9974849377739092
P04150,495,Acetylation_K,0.9974084664708586
P04150-1,495,Acetylation_K,0.9974084664708586
P04150-16,368,Sumoylation_K,0.997393929456436
P10275-3,359,Phosphorylation_Y,0.9973811283092978
P10275-1,359,Phosphorylation_Y,0.9973811283092978
P10275,359,Phosphorylation_Y,0.9973811283092978
P10275-4,359,Phosphorylation_Y,0.9973811283092978
P04150-15,165,Acetylation_K,0.9973242052713132
P03372-1,10,Glycosylation_S,0.9973146343159696
P03372,10,Glycosylation_S,0.9973146343159696
P10275-2,384,Phosphorylation_Y,0.9972900704011336
P04150-11,618,Sumoylation_K,0.9972790856389334
P04150-14,180,Acetylation_K,0.9972710334320588
P41235-2,307,Ubiquitination_K,0.9972422595964942
P04150-3,496,Acetylation_K,0.9972222687013426
P10275-3,388,Sumoylation_K,0.9971226816620936
P04150-9,466,Acetylation_K,0.9971033611635088
P03372,104,Phosphorylation_S,0.997073490050316
P03372-1,104,Phosphorylation_S,0.997073490050316
P06401-2,224,Ubiquitination_K,0.9969779413385276
P04150-12,405,Acetylation_K,0.9969687463668864
P04150-11,409,Acetylation_K,0.9969312393752828
P19793-1,108,Sumoylation_K,0.9969073059496336
P19793,108,Sumoylation_K,0.9969073059496336
P04150-11,410,Acetylation_K,0.99688977694156
P04150-12,406,Acetylation_K,0.9968658322562858
P10275-1,848,Ubiquitination_K,0.9968596942781353
P10275,848,Ubiquitination_K,0.9968596942781353
P04150-12,403,Acetylation_K,0.9967830095515868
Q9Y5X4-1,337,Sumoylation_K,0.9966759886674624
Q9Y5X4,337,Sumoylation_K,0.9966759886674624
P04150-11,407,Acetylation_K,0.9966610179103552
P04150-13,395,Acetylation_K,0.9966198171158462
P41235-1,234,Ubiquitination_K,0.996486307336843
P41235,234,Ubiquitination_K,0.996486307336843
P04150-6,496,Acetylation_K,0.996425994513186
Q9Y5X4-2,185,Sumoylation_K,0.9964179828103512
P04150-10,466,Acetylation_K,0.9962180288299772
P04150-13,397,Acetylation_K,0.9961784404871994
P10275-4,395,Phosphorylation_Y,0.9961776498841222
P03372-1,260,Methylation_R,0.9961531709955004
P03372,260,Methylation_R,0.9961531709955004
P04150-1,419,Ubiquitination_K,0.9960428401452196
P04150,419,Ubiquitination_K,0.9960428401452196
Q92753,190,Sumoylation_K,0.9960232334371114
Q92753-2,190,Sumoylation_K,0.9960232334371114
P04150-16,157,Acetylation_K,0.9960080087391489
P04150-2,495,Acetylation_K,0.99597511936728
P11474,160,Acetylation_K,0.9959518303371035
P11474-1,160,Acetylation_K,0.9959518303371035
P11474-1,129,Acetylation_K,0.9958746383675212
P11474,129,Acetylation_K,0.9958746383675212
P04150-12,614,Sumoylation_K,0.9958325475579888
P11474-2,160,Acetylation_K,0.995824805905047
P06401-5,388,Ubiquitination_K,0.9958217207137235
P04150-16,160,Acetylation_K,0.995785074424216
P10275-1,916,Phosphorylation_Y,0.995650689958089
P10275,916,Phosphorylation_Y,0.995650689958089
P04150-13,398,Acetylation_K,0.9956315285533196
P04150-3,419,Ubiquitination_K,0.9955670843753271
P41235-1,307,Ubiquitination_K,0.9954863470138386
P41235,307,Ubiquitination_K,0.9954863470138386
P06401-1,676,Phosphorylation_S,0.995334620885952
P06401,676,Phosphorylation_S,0.995334620885952
P04150-9,393,Ubiquitination_K,0.9953312503655612
P22736-1,341,Phosphorylation_S,0.9953073576706404
P22736,341,Phosphorylation_S,0.9953073576706404
P04150-10,454,Acetylation_K,0.9952615130312922
P11474-2,129,Acetylation_K,0.9952295392756118
P04150-1,113,Phosphorylation_S,0.9951886179755788
P04150-2,113,Phosphorylation_S,0.9951886179755788
P04150,113,Phosphorylation_S,0.9951886179755788
P10275-4,348,Phosphorylation_Y,0.9950355094782596
P10275,348,Phosphorylation_Y,0.9950355094782596
P10275-1,348,Phosphorylation_Y,0.9950355094782596
P10275-3,348,Phosphorylation_Y,0.9950355094782596
P10275-3,395,Phosphorylation_Y,0.9949955190221892
P10276,96,Phosphorylation_S,0.9949544262652232
P10276-1,96,Phosphorylation_S,0.9949544262652232
P04150-3,113,Phosphorylation_S,0.9949467603764476
P04150-6,113,Phosphorylation_S,0.9949467603764476
P41235-6,285,Ubiquitination_K,0.9947567909746224
P11474,162,Acetylation_K,0.9946939574211536
P11474-1,162,Acetylation_K,0.9946939574211536
P41235-2,143,Phosphorylation_S,0.994567349596011
P04150-2,419,Ubiquitination_K,0.9945222402455496
P03372-1,118,Phosphorylation_S,0.994507438809638
P03372,118,Phosphorylation_S,0.994507438809638
P41235-5,285,Ubiquitination_K,0.9944613779267096
P11474-2,162,Acetylation_K,0.9943190381806888
P04150-2,226,Phosphorylation_S,0.9943014214106008
P04150-1,226,Phosphorylation_S,0.9943014214106008
P04150,226,Phosphorylation_S,0.9943014214106008
P10275-1,225,Phosphorylation_Y,0.9942596531717112
P10275-3,225,Phosphorylation_Y,0.9942596531717112
P10275-4,225,Phosphorylation_Y,0.9942596531717112
P10275,225,Phosphorylation_Y,0.9942596531717112
Q92753-1,179,Sumoylation_K,0.9942572318726784
P04150-6,419,Ubiquitination_K,0.9942448077884056
P06401-3,82,Phosphorylation_S,0.9941856544023224
P06401,130,Phosphorylation_S,0.9941813216165654
P06401-1,130,Phosphorylation_S,0.9941813216165654
P06401-5,130,Phosphorylation_S,0.9941813216165654
Q9Y5X4-1,185,Sumoylation_K,0.9941654708257276
Q9Y5X4,185,Sumoylation_K,0.9941654708257276
O75469-2,3,Palmitoylation_C,0.994114018304178
P04150-3,226,Phosphorylation_S,0.9941048628458936
P04150-6,226,Phosphorylation_S,0.9941048628458936
P04150-8,87,Phosphorylation_S,0.9940827714428458
P04150-9,87,Phosphorylation_S,0.9940827714428458
P13056,250,Sumoylation_K,0.9940790316792404
P13056-1,250,Sumoylation_K,0.9940790316792404
P20393,59,Phosphorylation_S,0.9940769232517797
O75469-5,3,Palmitoylation_C,0.9940583536317148
P10275-1,395,Phosphorylation_Y,0.9939469603398156
P10275,395,Phosphorylation_Y,0.9939469603398156
P41235-1,143,Phosphorylation_S,0.9937181787404534
P41235,143,Phosphorylation_S,0.9937181787404534
P41235-4,264,Ubiquitination_K,0.9935143639404576
P04150-8,200,Phosphorylation_S,0.9934618828919678
P04150-9,200,Phosphorylation_S,0.9934618828919678
P06401-1,294,Phosphorylation_S,0.9933440808707968
P06401,294,Phosphorylation_S,0.9933440808707968
P06401-5,294,Phosphorylation_S,0.9933440808707968
P04150-9,677,Sumoylation_K,0.993323573521208
P10275-3,552,Phosphorylation_Y,0.9933173467982208
P08235-3,494,Sumoylation_K,0.993295491571772
P41235-3,143,Phosphorylation_S,0.9931643111081642
P41235-3,234,Ubiquitination_K,0.993148520416004
P04150-3,203,Phosphorylation_S,0.9931040727018902
P04150-6,203,Phosphorylation_S,0.9931040727018902
P13056-1,220,Phosphorylation_T,0.9930646125195192
P13056,220,Phosphorylation_T,0.9930646125195192
Q13285,203,Phosphorylation_S,0.9930297788600094
P04150,203,Phosphorylation_S,0.9929369981058814
P04150-1,203,Phosphorylation_S,0.9929369981058814
P04150-2,203,Phosphorylation_S,0.9929369981058814
P04150-8,454,Acetylation_K,0.9928749069376034
P06401-1,162,Phosphorylation_S,0.9928595114230062
P06401,162,Phosphorylation_S,0.9928595114230062
P06401-5,162,Phosphorylation_S,0.9928595114230062
P04150-5,134,Phosphorylation_S,0.9928245788458552
P04150-7,134,Phosphorylation_S,0.9928245788458552
Q14995,162,Acetylation_K,0.9927468583114633
P04150-15,74,Phosphorylation_S,0.9926672680554698
P04150-3,404,Phosphorylation_S,0.9926437666341444
P04150-6,404,Phosphorylation_S,0.9926212829371082
P10275-1,365,Phosphorylation_Y,0.992592193638534
P10275-4,365,Phosphorylation_Y,0.992592193638534
P10275,365,Phosphorylation_Y,0.992592193638534
P10275-3,365,Phosphorylation_Y,0.992592193638534
P13056,581,Phosphorylation_S,0.9925521187335182
P13056-1,581,Phosphorylation_S,0.9925521187335182
P04150-5,113,Phosphorylation_S,0.9925470799406368
P04150-7,113,Phosphorylation_S,0.9925470799406368
P04150-5,203,Phosphorylation_S,0.9925177933469568
P04150-7,203,Phosphorylation_S,0.9925177933469568
P19793-2,32,Phosphorylation_S,0.9924228272253692
P48443,68,Phosphorylation_S,0.9924191777954716
P04150-2,134,Phosphorylation_S,0.992310400567649
P04150,134,Phosphorylation_S,0.992310400567649
P04150-1,134,Phosphorylation_S,0.992310400567649
P41235-6,121,Phosphorylation_S,0.9923002216117006
P04150-8,177,Phosphorylation_S,0.9922947170375612
P04150-9,177,Phosphorylation_S,0.9922947170375612
P04150-2,404,Phosphorylation_S,0.9922580046516708
O95718-2,17,Sumoylation_K,0.992217525972228
Q96RI1,167,Acetylation_K,0.9922139127388062
Q96RI1-3,167,Acetylation_K,0.9922139127388062
P10275,651,Phosphorylation_S,0.9921939395127516
P10275-1,651,Phosphorylation_S,0.9921939395127516
P04150,211,Phosphorylation_S,0.9921432854485236
P04150-2,211,Phosphorylation_S,0.9921432854485236
P04150-1,211,Phosphorylation_S,0.9921432854485236
P04150-3,134,Phosphorylation_S,0.992093031154478
P04150-6,134,Phosphorylation_S,0.992093031154478
P04150-16,69,Phosphorylation_S,0.9920532782206312
P06401,400,Phosphorylation_S,0.9919895286148648
P06401-1,400,Phosphorylation_S,0.9919895286148648
P04150-16,159,Acetylation_K,0.9919291026869764
P04150-10,677,Sumoylation_K,0.9918886671646292
P04150-9,108,Phosphorylation_S,0.9918841178249432
P04150-8,108,Phosphorylation_S,0.9918841178249432
P04150-8,378,Phosphorylation_S,0.9918384629712298
P04150-9,378,Phosphorylation_S,0.9918384629712298
P04150-3,211,Phosphorylation_S,0.9918304608348064
P04150-6,211,Phosphorylation_S,0.9918304608348064
P41235-5,121,Phosphorylation_S,0.9917638024326572
P04150,404,Phosphorylation_S,0.991756077225482
P04150-1,404,Phosphorylation_S,0.991756077225482
P13056,197,Phosphorylation_S,0.991741144010568
P13056-1,197,Phosphorylation_S,0.991741144010568
P19793,145,Acetylation_K,0.9917369796174138
P19793-1,145,Acetylation_K,0.9917369796174138
P41235-2,167,Phosphorylation_S,0.9917185997285444
P04150-14,89,Phosphorylation_S,0.991711792860688
P10275-4,309,Phosphorylation_Y,0.9916720804412172
P10275-3,309,Phosphorylation_Y,0.9916720804412172
P10275,309,Phosphorylation_Y,0.9916720804412172
P10275-1,309,Phosphorylation_Y,0.9916720804412172
Q14994-2,38,Phosphorylation_T,0.9916600771143392
P06401-5,400,Phosphorylation_S,0.9915382640969836
P10275-4,269,Phosphorylation_Y,0.9915130269830856
P10275,269,Phosphorylation_Y,0.9915130269830856
P10275-1,269,Phosphorylation_Y,0.9915130269830856
P10275-3,269,Phosphorylation_Y,0.9915130269830856
P04150-5,404,Phosphorylation_S,0.9915008953474318
Q96RI1-4,167,Acetylation_K,0.9913444640750596
P04150-10,226,Phosphorylation_S,0.991326819423646
P04150-5,226,Phosphorylation_S,0.9913243936480354
P04150-7,226,Phosphorylation_S,0.9913243936480354
P04150-10,113,Phosphorylation_S,0.9912513050851623
P04150-3,45,Phosphorylation_S,0.9912016079110364
P04150-6,45,Phosphorylation_S,0.9912016079110364
P41235-6,145,Phosphorylation_S,0.9911834678789104
P04150-9,185,Phosphorylation_S,0.991152340376278
P04150-8,185,Phosphorylation_S,0.991152340376278
P04150-1,267,Phosphorylation_S,0.9911004659389016
P04150-2,267,Phosphorylation_S,0.9911004659389016
P04150,267,Phosphorylation_S,0.9911004659389016
P04150-6,267,Phosphorylation_S,0.9910377600149308
P04150-3,267,Phosphorylation_S,0.9910377600149308
P35398-3,257,Sumoylation_K,0.9909469760282889
P19793,260,Phosphorylation_S,0.9908766864468403
P19793-1,260,Phosphorylation_S,0.9908766864468403
P04150-10,203,Phosphorylation_S,0.9908656770281872
P13056-2,250,Sumoylation_K,0.9908564327876026
P10275,535,Phosphorylation_Y,0.9908133993246112
P10275-1,535,Phosphorylation_Y,0.9908133993246112
P04150,45,Phosphorylation_S,0.9907593748984204
P04150-2,45,Phosphorylation_S,0.9907593748984204
P04150-1,45,Phosphorylation_S,0.9907593748984204
P19793-2,163,Phosphorylation_S,0.9907544896993552
P20393,191,Acetylation_K,0.990739141633966
P10275,364,Phosphorylation_Y,0.9905711219788026
P10275-3,364,Phosphorylation_Y,0.9905711219788026
P10275-1,364,Phosphorylation_Y,0.9905711219788026
P10275-4,364,Phosphorylation_Y,0.9905711219788026
P03372-3,87,Methylation_R,0.9904769898621848
P41235-1,167,Phosphorylation_S,0.99044404203815
P41235,167,Phosphorylation_S,0.99044404203815
P41235-4,337,Ubiquitination_K,0.990389974146794
P41235-5,145,Phosphorylation_S,0.9901941991695492
P35398-4,185,Sumoylation_K,0.9900671941262188
P06401-2,236,Phosphorylation_S,0.9900219915551972
P10275-2,119,Phosphorylation_S,0.9899808213365406
P04150-10,134,Phosphorylation_S,0.9899798860568672
P10588,87,Glycosylation_N,0.9898896401902736
P04150-8,241,Phosphorylation_S,0.9898498675184412
P04150-9,241,Phosphorylation_S,0.9898498675184412
P13056-3,250,Sumoylation_K,0.9898447721343232
P04150-5,45,Phosphorylation_S,0.9898082278572882
P04150-7,45,Phosphorylation_S,0.9898082278572882
P04150-10,378,Phosphorylation_S,0.9897632511706012
P13056-2,215,Phosphorylation_S,0.9896976845997724
P04150-6,704,Sumoylation_K,0.9896612260826742
P04150-5,267,Phosphorylation_S,0.9896349764473964
P04150-7,267,Phosphorylation_S,0.9896349764473964
P06401-1,190,Phosphorylation_S,0.9895005813129684
P06401,190,Phosphorylation_S,0.9895005813129684
P06401-5,190,Phosphorylation_S,0.9895005813129684
P51843-2,372,Glycosylation_N,0.9894383922378592
P49116-2,238,Phosphorylation_S,0.9894086440129448
Q14995,163,Acetylation_K,0.989279971388354
P13631,34,Methylation_R,0.9892442573225788
P13631-1,34,Methylation_R,0.9892442573225788
P04150-13,37,Phosphorylation_S,0.9892339290175794
P04150-2,703,Sumoylation_K,0.9892141374359756
P41235-4,197,Phosphorylation_S,0.9889806837015128
P04150-10,267,Phosphorylation_S,0.9889605737303184
P10276-3,74,Sumoylation_K,0.9889589770126485
P41235-4,173,Phosphorylation_S,0.98888855983428
P10588,40,Phosphorylation_S,0.9888750780890788
P13056-1,215,Phosphorylation_S,0.988783888925915
P13056,215,Phosphorylation_S,0.988783888925915
P41235-7,121,Phosphorylation_S,0.9887145733373538
P06401-1,20,Phosphorylation_S,0.9887121637779168
P06401,20,Phosphorylation_S,0.9887121637779168
P06401-5,20,Phosphorylation_S,0.9887121637779168
P49116,46,Phosphorylation_S,0.9886271541310524
P49116-1,46,Phosphorylation_S,0.9886271541310524
P49116-1,219,Phosphorylation_S,0.9885618803204864
P49116,219,Phosphorylation_S,0.9885618803204864
P04150-5,211,Phosphorylation_S,0.9884848413943896
P04150-7,211,Phosphorylation_S,0.9884848413943896
Q96RI1-2,157,Acetylation_K,0.988375485621141
P04150-2,8,Phosphorylation_T,0.988292545430982
P04150,8,Phosphorylation_T,0.988292545430982
P04150-1,8,Phosphorylation_T,0.988292545430982
Q96RI1-4,223,Acetylation_K,0.9881179273593974
P41235-3,167,Phosphorylation_S,0.9881170657107912
Q96RI1-2,213,Acetylation_K,0.987960764953498
P10275,552,Phosphorylation_Y,0.9878742684190308
P10275-1,552,Phosphorylation_Y,0.9878742684190308
P13056-2,220,Phosphorylation_T,0.987853923095326
P19793,70,Phosphorylation_S,0.9876059176180012
P19793-1,70,Phosphorylation_S,0.9876059176180012
P04150-6,8,Phosphorylation_T,0.9875646247584492
P04150-3,8,Phosphorylation_T,0.9875646247584492
P06401-1,213,Phosphorylation_S,0.9873886447592108
P06401-5,213,Phosphorylation_S,0.9873886447592108
P06401,213,Phosphorylation_S,0.9873886447592108
P04150-10,211,Phosphorylation_S,0.9873706242492768
P10826-2,70,Phosphorylation_S,0.9873608252433664
Q14541-2,158,Phosphorylation_S,0.987207597023979
P04150-7,8,Phosphorylation_T,0.98699476783743
P04150-5,8,Phosphorylation_T,0.98699476783743
P10276,219,Phosphorylation_S,0.9869103068681933
P10276-1,219,Phosphorylation_S,0.9869103068681933
P04150-11,118,Phosphorylation_S,0.986844879758276
P35398-2,240,Sumoylation_K,0.9866423379069016
P35398,240,Sumoylation_K,0.9866423379069016
P19793-2,162,Phosphorylation_S,0.9866230969422752
P41235-7,212,Ubiquitination_K,0.9864601939383478
P10276-2,72,Phosphorylation_S,0.9862681402028808
Q14541,121,Phosphorylation_S,0.9862629392342028
Q14541-1,121,Phosphorylation_S,0.9862629392342028
P06401-5,81,Phosphorylation_S,0.986147090105851
P06401,81,Phosphorylation_S,0.986147090105851
P06401-1,81,Phosphorylation_S,0.986147090105851
P41235-7,145,Phosphorylation_S,0.9860730000875372
Q92731-4,504,Phosphorylation_S,0.9860513817900964
P10275-4,258,Phosphorylation_S,0.985991123659535
P10275-1,258,Phosphorylation_S,0.985991123659535
P10275-3,258,Phosphorylation_S,0.985991123659535
P10275,258,Phosphorylation_S,0.985991123659535
P20393,55,Phosphorylation_S,0.9859618870902344
P10276-1,77,Phosphorylation_S,0.9859252390715064
P10276,77,Phosphorylation_S,0.9859252390715064
Q96RI1-3,227,Acetylation_K,0.9857896317241408
Q96RI1,227,Acetylation_K,0.9857896317241408
P49116-2,19,Phosphorylation_S,0.98576071347453
Q92731-3,55,Glycosylation_N,0.9857310832822856
Q96RI1-1,157,Acetylation_K,0.9854918278873146
O75469-6,16,Phosphorylation_S,0.9854707785472662
P51843-1,372,Glycosylation_N,0.9853570553526536
P51843,372,Glycosylation_N,0.9853570553526536
P41235-2,144,Phosphorylation_Y,0.9850790231633404
P19793,21,Phosphorylation_S,0.9849199269939906
P19793-1,21,Phosphorylation_S,0.9849199269939906
P04150-12,114,Phosphorylation_S,0.9849198843388002
P04150-10,8,Phosphorylation_T,0.9848329341114652
P10276,171,Sumoylation_K,0.9848314660962284
P10276-1,171,Sumoylation_K,0.9848314660962284
P41235,144,Phosphorylation_Y,0.9847720276086358
P41235-1,144,Phosphorylation_Y,0.9847720276086358
P51449,512,Phosphorylation_S,0.984656538523017
P51449-1,512,Phosphorylation_S,0.984656538523017
P41235-5,122,Phosphorylation_Y,0.9844909301533622
P37231-2,84,Phosphorylation_S,0.984472877032981
Q14541-2,5,Glycosylation_N,0.9844545879705372
P04150,141,Phosphorylation_S,0.984380764108726
P04150-1,141,Phosphorylation_S,0.984380764108726
P04150-2,141,Phosphorylation_S,0.984380764108726
P04150-10,45,Phosphorylation_S,0.9842817170102938
P04150-12,391,Acetylation_K,0.9842163087168272
Q14995,345,Glycosylation_N,0.9841087337027346
P24468-1,110,Glycosylation_N,0.9839853218322064
P24468,110,Glycosylation_N,0.9839853218322064
P11474-2,22,Phosphorylation_S,0.9839761315529352
Q14541,94,Phosphorylation_S,0.983959907048226
Q14541-1,94,Phosphorylation_S,0.983959907048226
P10276-1,369,Phosphorylation_S,0.983950073684264
P10276,369,Phosphorylation_S,0.983950073684264
P10828-2,102,Phosphorylation_S,0.9839073093894952
P11474,19,Phosphorylation_S,0.983893727881185
P11474-1,19,Phosphorylation_S,0.983893727881185
P11474,22,Phosphorylation_S,0.9838392128984385
P11474-1,22,Phosphorylation_S,0.9838392128984385
P10827-2,21,Phosphorylation_S,0.98383112168344
P08235-1,494,Sumoylation_K,0.98382097209589
P08235,494,Sumoylation_K,0.98382097209589
P11474-2,19,Phosphorylation_S,0.983755200898521
P04150-14,104,Ubiquitination_K,0.9837549050944564
P19793,56,Phosphorylation_S,0.983702726761964
P19793-1,56,Phosphorylation_S,0.983702726761964
P41235-1,142,Phosphorylation_S,0.9836735781995816
P41235,142,Phosphorylation_S,0.9836735781995816
P41235-2,142,Phosphorylation_S,0.983504154151728
P04150-8,393,Ubiquitination_K,0.983481023404616
P10589,117,Glycosylation_N,0.9833571740327742
O75469-3,16,Phosphorylation_S,0.9831576206487374
P28702-3,25,Methylation_R,0.9830965998781036
P22736-2,354,Phosphorylation_S,0.9829846646289442
P37231-1,112,Phosphorylation_S,0.9827593972271544
P37231,112,Phosphorylation_S,0.9827593972271544
Q14994-7,38,Phosphorylation_T,0.9827100365685216
Q14994-1,38,Phosphorylation_T,0.9826195278837992
Q14994,38,Phosphorylation_T,0.9826195278837992
P37231-3,84,Phosphorylation_S,0.982374518674999
Q92731-3,61,Glycosylation_N,0.9823194604769048
P10276,166,Sumoylation_K,0.98229889138578
P10276-1,166,Sumoylation_K,0.98229889138578
O00482-1,31,Phosphorylation_S,0.9822680943532972
O00482,31,Phosphorylation_S,0.9822680943532972
P06401-2,26,Phosphorylation_S,0.9817766834860072
Q03181-2,307,Glycosylation_N,0.9817522212198836
P41235-6,122,Phosphorylation_Y,0.9816988274793864
P08235,250,Phosphorylation_S,0.981609039043882
P08235-2,250,Phosphorylation_S,0.981609039043882
P08235-4,250,Phosphorylation_S,0.981609039043882
P08235-3,250,Phosphorylation_S,0.981609039043882
P08235-1,250,Phosphorylation_S,0.981609039043882
P41235-2,313,Phosphorylation_S,0.9816042252487868
P04150-11,395,Acetylation_K,0.9815832211383656
P22736-1,351,Phosphorylation_S,0.981525027979416
P22736,351,Phosphorylation_S,0.981525027979416
P08235-4,287,Phosphorylation_S,0.9814245063403892
P08235-1,287,Phosphorylation_S,0.9814245063403892
P08235-2,287,Phosphorylation_S,0.9814245063403892
P08235-3,287,Phosphorylation_S,0.9814245063403892
P08235,287,Phosphorylation_S,0.9814245063403892
P04150-12,178,Phosphorylation_S,0.9813911302893108
P41235-4,196,Phosphorylation_T,0.9811790859173104
P22736-2,364,Phosphorylation_S,0.981138235848792
P04150-11,49,Phosphorylation_S,0.981128984058582
P41235-7,285,Ubiquitination_K,0.9811272930392988
Q15406-4,191,Phosphorylation_S,0.9807896682732932
P08235-2,494,Sumoylation_K,0.9806787625359038
P04150-6,141,Phosphorylation_S,0.980436056062497
P04150-3,141,Phosphorylation_S,0.980436056062497
P48443,57,Phosphorylation_S,0.9803477032664428
P04150-11,182,Phosphorylation_S,0.9803149146767464
P04150-15,89,Ubiquitination_K,0.9801185839736972
P41235-6,291,Phosphorylation_S,0.980090029395102
Q14994-3,38,Phosphorylation_T,0.9800457623294164
P13056-2,197,Phosphorylation_S,0.9800141565534474
Q9Y5X4,330,Sumoylation_K,0.9797373726952836
Q9Y5X4-1,330,Sumoylation_K,0.9797373726952836
O00482-3,75,Glycosylation_N,0.9797008464148206
Q14994-8,38,Phosphorylation_T,0.979576966130064
O00482-4,3,Glycosylation_N,0.979384096150571
P19793-1,259,Phosphorylation_S,0.9792135168238222
P19793,259,Phosphorylation_S,0.9792135168238222
Q14995,145,Glycosylation_N,0.979061121631504
P28702-1,25,Methylation_R,0.9789730830180552
P28702,25,Methylation_R,0.9789730830180552
P20393,192,Acetylation_K,0.978967228071978
P04150-14,165,Acetylation_K,0.9789456275370576
P03372,537,Phosphorylation_Y,0.978644311677971
P03372-1,537,Phosphorylation_Y,0.978644311677971
Q92731-1,513,Phosphorylation_S,0.9785657176014498
Q92731,513,Phosphorylation_S,0.9785657176014498
P11473,276,Glycosylation_N,0.9785172131358184
P11473-1,276,Glycosylation_N,0.9785172131358184
P04150-15,150,Acetylation_K,0.9784310681922456
Q96RI1-1,217,Acetylation_K,0.9784049143345336
P10826-1,77,Phosphorylation_S,0.9782171796563116
P10826,77,Phosphorylation_S,0.9782171796563116
P41235-4,174,Phosphorylation_Y,0.9781143376362964
P13056-2,222,Phosphorylation_T,0.977916107012591
P49116-2,87,Phosphorylation_S,0.9778489214643712
P62508-1,45,Phosphorylation_S,0.9776256531508948
P62508,45,Phosphorylation_S,0.9776256531508948
Q14541-2,131,Phosphorylation_S,0.9773527373138242
Q15406-5,187,Phosphorylation_S,0.9772773179238377
P10275,20,Methylation_R,0.977179474383288
P10275-3,20,Methylation_R,0.977179474383288
P10275-1,20,Methylation_R,0.977179474383288
P10275-4,20,Methylation_R,0.977179474383288
P04150-7,404,Phosphorylation_S,0.9768922061636532
P04150-11,141,Phosphorylation_S,0.9766809441083604
Q9Y466-1,47,Glycosylation_N,0.976631256866533
Q9Y466,47,Glycosylation_N,0.976631256866533
P35398-1,273,Sumoylation_K,0.9765460414240617
Q13285,34,Acetylation_K,0.9762567185681318
P04150-16,84,Ubiquitination_K,0.9762336972096458
P41235-5,212,Ubiquitination_K,0.9760443751464432
P04150-13,106,Phosphorylation_S,0.975380324160536
P08235-3,283,Phosphorylation_S,0.9753508847940744
P08235-2,283,Phosphorylation_S,0.9753508847940744
P08235-1,283,Phosphorylation_S,0.9753508847940744
P08235-4,283,Phosphorylation_S,0.9753508847940744
P08235,283,Phosphorylation_S,0.9753508847940744
P13056-3,220,Phosphorylation_T,0.9752817387709376
P41235-6,212,Ubiquitination_K,0.9751766770720344
P20393,274,Phosphorylation_T,0.975031398435346
P04150-12,137,Phosphorylation_S,0.9749590962449948
P04150-8,115,Phosphorylation_S,0.9742025571272775
P04150-9,115,Phosphorylation_S,0.9742025571272775
P49116-1,19,Phosphorylation_S,0.9741473142585522
P49116,19,Phosphorylation_S,0.9741473142585522
P41235-6,120,Phosphorylation_S,0.9741233730445494
Q92753-2,175,Phosphorylation_S,0.9740021335499408
Q92753,175,Phosphorylation_S,0.9740021335499408
O00482-3,31,Phosphorylation_S,0.9739023051662304
Q14995,209,Glycosylation_N,0.97338834530694
P41235-7,122,Phosphorylation_Y,0.973307414812837
P10275-1,83,Phosphorylation_S,0.9732957616632149
P10275-4,83,Phosphorylation_S,0.9732957616632149
P10275-3,83,Phosphorylation_S,0.9732957616632149
P10275,83,Phosphorylation_S,0.9732957616632149
P10827-2,12,Phosphorylation_S,0.9731714997034466
P20393,591,Acetylation_K,0.9727981267683328
P19793-1,82,Phosphorylation_T,0.9727277264958016
P19793,82,Phosphorylation_T,0.9727277264958016
P06401-4,45,Glycosylation_N,0.972418598006781
P11473-2,326,Glycosylation_N,0.972077096165705
P41235-1,166,Phosphorylation_T,0.9719843334505284
P41235,166,Phosphorylation_T,0.9719843334505284
Q92753-1,164,Phosphorylation_S,0.9715470238607308
Q9Y466-2,84,Glycosylation_N,0.9715204149880168
P04150-16,145,Acetylation_K,0.9711493003734116
P41235-3,144,Phosphorylation_Y,0.971129442663957
Q92731-3,17,Glycosylation_N,0.9710356982383634
P41235-5,120,Phosphorylation_S,0.9708307887960586
P41235-4,172,Phosphorylation_S,0.9705525401943484
Q14541,377,Phosphorylation_S,0.9700846297650868
Q14541-1,377,Phosphorylation_S,0.9700846297650868
P04150-12,122,Phosphorylation_S,0.9696585125866988
P49116-1,68,Phosphorylation_S,0.9695762478098436
P49116,68,Phosphorylation_S,0.9695762478098436
P04150-5,523,Glycosylation_N,0.9693259990187528
Q9Y5X4-2,156,Phosphorylation_S,0.969283737408933
P10827,21,Phosphorylation_S,0.9691398191789148
P10827-1,21,Phosphorylation_S,0.9691398191789148
Q14994-7,207,Glycosylation_N,0.9681448266071966
P04150-10,293,Sumoylation_K,0.9679476623517728
Q92731-5,61,Glycosylation_N,0.9678677181410072
Q92753-1,315,Glycosylation_N,0.9678327303326444
Q14994-3,207,Glycosylation_N,0.967746775627583
P49116-2,575,Glycosylation_N,0.9675913805128477
P10827-4,21,Phosphorylation_S,0.9675702993232912
P10827-3,21,Phosphorylation_S,0.9673496551754612
P41235-2,166,Phosphorylation_T,0.966784251016224
P10275,96,Phosphorylation_S,0.966493834517544
P10275-1,96,Phosphorylation_S,0.966493834517544
P10275-3,96,Phosphorylation_S,0.966493834517544
P10275-4,96,Phosphorylation_S,0.966493834517544
Q96RI1-3,164,Phosphorylation_S,0.9656104125506508
Q96RI1,164,Phosphorylation_S,0.9656104125506508
O95718-3,202,Phosphorylation_S,0.9654579678658268
O95718,202,Phosphorylation_S,0.9654579678658268
P04150-11,126,Phosphorylation_S,0.9650453608009386
Q14541-1,95,Phosphorylation_T,0.9643541372365896
Q14541,95,Phosphorylation_T,0.9643541372365896
P10588,34,Phosphorylation_S,0.9636463416572192
P04150-7,419,Ubiquitination_K,0.963591014655673
P03372-4,87,Methylation_R,0.9633361209075508
Q92731-9,61,Glycosylation_N,0.9633241969181668
P41235,313,Phosphorylation_S,0.9628097724685588
P41235-1,313,Phosphorylation_S,0.9628097724685588
O00482-2,29,Glycosylation_N,0.962600769494048
P08235-1,299,Phosphorylation_S,0.96230188243991
P08235-2,299,Phosphorylation_S,0.96230188243991
P08235,299,Phosphorylation_S,0.96230188243991
P08235-4,299,Phosphorylation_S,0.96230188243991
P08235-3,299,Phosphorylation_S,0.96230188243991
Q92731-5,55,Glycosylation_N,0.9616986387057797
P06401-2,224,Sumoylation_K,0.96169004349559
Q92753-2,326,Glycosylation_N,0.9615531323722633
Q92753,326,Glycosylation_N,0.9615531323722633
O95718-1,17,Sumoylation_K,0.9614816542931052
Q96RI1-1,154,Phosphorylation_S,0.9611573705851222
P04150-7,523,Glycosylation_N,0.9606038729418852
Q14541-2,132,Phosphorylation_T,0.9603737005456888
Q92731-4,61,Glycosylation_N,0.9603492185743576
P28702-3,163,Glycosylation_N,0.9599593793819868
P10588,83,Phosphorylation_S,0.9599499748072584
Q14541-2,39,Glycosylation_N,0.9597184617797144
P49116,556,Glycosylation_N,0.959369458491202
P49116-1,556,Glycosylation_N,0.959369458491202
P03372-3,274,Palmitoylation_C,0.9589145526087772
P13631-4,150,Sumoylation_K,0.9584157981724428
Q92731-4,55,Glycosylation_N,0.958238452105144
Q14994,207,Glycosylation_N,0.958142559581096
Q14994-1,207,Glycosylation_N,0.958142559581096
P10276-2,214,Phosphorylation_S,0.9579683965097155
P19793-1,49,Phosphorylation_S,0.9578814663418572
P19793,49,Phosphorylation_S,0.9578814663418572
Q92731-1,87,Phosphorylation_S,0.957858999295929
Q92731,87,Phosphorylation_S,0.957858999295929
Q92731-1,61,Glycosylation_N,0.9578445308034772
Q92731,61,Glycosylation_N,0.9578445308034772
Q92731-6,61,Glycosylation_N,0.9575922745664872
P10826-3,174,Glycosylation_N,0.9574303352713084
Q92731-6,55,Glycosylation_N,0.95735649124337
P49116-1,148,Glycosylation_N,0.957031697784666
P49116,148,Glycosylation_N,0.957031697784666
Q92731,55,Glycosylation_N,0.9568835145045076
Q92731-1,55,Glycosylation_N,0.9568835145045076
P28702-1,163,Glycosylation_N,0.956664951882584
P28702,163,Glycosylation_N,0.956664951882584
P24468-1,51,Phosphorylation_T,0.9565988250876344
P24468,51,Phosphorylation_T,0.9565988250876344
Q15406,191,Phosphorylation_S,0.9565561647077994
Q15406-1,191,Phosphorylation_S,0.9565561647077994
Q14994-2,207,Glycosylation_N,0.956487356876938
Q14994-8,207,Glycosylation_N,0.956340627992364
P41235-6,144,Phosphorylation_T,0.956320583162454
Q92731-9,55,Glycosylation_N,0.9562615957408804
P22736-2,286,Glycosylation_N,0.95551838515961
P04150-10,393,Ubiquitination_K,0.9543348855563504
Q15406-2,187,Phosphorylation_S,0.9538912497673244
P06401,664,Glycosylation_N,0.9538372392991248
P06401-1,664,Glycosylation_N,0.9538372392991248
P48443,260,Glycosylation_N,0.953508666108527
P13631-2,284,Glycosylation_N,0.9534590939982924
Q03181-3,268,Glycosylation_N,0.9534100100369493
Q96RI1-2,154,Phosphorylation_S,0.9533571146615808
P13631-4,273,Glycosylation_N,0.9530527723288028
Q13133,207,Phosphorylation_S,0.9530286833474052
Q13133-1,207,Phosphorylation_S,0.9530286833474052
O95718-1,202,Phosphorylation_S,0.9529605667861965
P41235-7,369,Phosphorylation_S,0.9524008415197056
Q96RI1-4,164,Phosphorylation_S,0.9512855379099908
P22736-3,273,Glycosylation_N,0.9511245856372016
P41235-7,379,Phosphorylation_S,0.9509637535165748
Q14541,2,Glycosylation_N,0.9508751984788228
Q14541-1,2,Glycosylation_N,0.9508751984788228
P10826-2,286,Glycosylation_N,0.9502927119227188
Q96RI1-1,135,Phosphorylation_S,0.9493445933606248
P10276-3,196,Glycosylation_N,0.9492436751868684
O00482-1,75,Glycosylation_N,0.949191251240535
O00482,75,Glycosylation_N,0.949191251240535
P41235-3,307,Ubiquitination_K,0.9491283620991834
Q9Y5X4-2,337,Sumoylation_K,0.9491136226591532
P49116-2,65,Phosphorylation_S,0.9488189754925804
Q96RI1-4,145,Phosphorylation_S,0.9485305665990575
P08235-4,494,Sumoylation_K,0.9481038118785272
Q92731-7,61,Glycosylation_N,0.9478372230964544
P19793,129,Phosphorylation_S,0.947292849288678
P19793-1,129,Phosphorylation_S,0.947292849288678
Q96RI1-5,166,Acetylation_K,0.9471627526927722
Q14994-4,178,Glycosylation_N,0.9463491378617168
Q92753-1,41,Glycosylation_N,0.9457912758096112
P41235-3,38,Glycosylation_N,0.9457377416575664
P41235-5,144,Phosphorylation_T,0.9456477526584368
Q96RI1,145,Phosphorylation_S,0.9450302965736898
Q96RI1-3,145,Phosphorylation_S,0.9450302965736898
Q13133-2,207,Phosphorylation_S,0.9448291604918668
P20393,121,Glycosylation_N,0.944791607392202
P13631-4,379,Sumoylation_K,0.9446942697701116
P13631-3,329,Sumoylation_K,0.9444098327046352
Q03181-2,191,Glycosylation_N,0.9439641063069066
P10276-2,91,Phosphorylation_S,0.94332839317006
P06401-2,130,Phosphorylation_S,0.9432416275614997
P48443,4,Glycosylation_N,0.9428664261663164
P06401-3,70,Glycosylation_N,0.9426615068368016
O00482-4,260,Glycosylation_N,0.94259537552118
Q13133-3,162,Phosphorylation_S,0.942337219723308
P41235-5,291,Phosphorylation_S,0.9420848355821322
P43354-2,288,Phosphorylation_S,0.9419515404674208
Q14541-2,27,Glycosylation_N,0.941885199196786
P49116-2,434,Glycosylation_N,0.9417648046918446
P04150-12,45,Phosphorylation_S,0.9411795471577562
P49116,231,Acetylation_K,0.9409653468157816
P49116-1,231,Acetylation_K,0.9409653468157816
Q96RI1-2,135,Phosphorylation_S,0.9409247315082152
P49116-2,588,Glycosylation_N,0.9409203099554896
Q92731-7,55,Glycosylation_N,0.9406415507741188
P10826,293,Glycosylation_N,0.9406339325266216
P10826-1,293,Glycosylation_N,0.9406339325266216
P19793,25,Methylation_R,0.9404609033259732
P19793-1,25,Methylation_R,0.9404609033259732
Q14994-12,207,Glycosylation_N,0.9400262192232236
Q92731-6,87,Phosphorylation_S,0.9394775453820736
P04150-3,708,Glycosylation_N,0.9388851022396631
Q15406-3,165,Phosphorylation_S,0.9383529874663012
Q14541-2,155,Phosphorylation_S,0.9378217424848092
P03372-2,106,Phosphorylation_S,0.937719715854817
P13631-3,223,Glycosylation_N,0.9374760852088596
Q03181,307,Glycosylation_N,0.9374003279795928
Q03181-1,307,Glycosylation_N,0.9374003279795928
P08235-4,259,Phosphorylation_S,0.9372986175351364
P08235-3,259,Phosphorylation_S,0.9372986175351364
P08235-2,259,Phosphorylation_S,0.9372986175351364
P08235-1,259,Phosphorylation_S,0.9372986175351364
P08235,259,Phosphorylation_S,0.9372986175351364
P04150-8,681,Glycosylation_N,0.93682631040289
P04150-1,707,Glycosylation_N,0.9367092425585644
P04150,707,Glycosylation_N,0.9367092425585644
P48443,61,Phosphorylation_T,0.9364726442885344
P04150-5,419,Ubiquitination_K,0.9363861806136082
P10276-2,166,Sumoylation_K,0.935979293391448
Q92731-4,17,Glycosylation_N,0.9359759092179116
P37231,84,Glycosylation_T,0.935721990906442
P37231-1,84,Glycosylation_T,0.935721990906442
P41235-2,38,Glycosylation_N,0.9352837068498076
P49116-1,286,Glycosylation_N,0.9351521992271172
P49116,286,Glycosylation_N,0.9351521992271172
P10276-1,293,Glycosylation_N,0.9347291132156228
P10276,293,Glycosylation_N,0.9347291132156228
P04150-5,141,Phosphorylation_S,0.9343978374391584
P04150-7,141,Phosphorylation_S,0.9343978374391584
P06401-2,500,Glycosylation_N,0.9340170097889108
P49116,415,Glycosylation_N,0.933893571224852
P49116-1,415,Glycosylation_N,0.933893571224852
P37231-2,56,Glycosylation_T,0.9333542984458174
P20393,174,Glycosylation_N,0.933270008828058
P51449,373,Glycosylation_N,0.9329811356144806
P51449-1,373,Glycosylation_N,0.9329811356144806
Q92753,52,Glycosylation_N,0.932481058199524
Q92753-2,52,Glycosylation_N,0.932481058199524
P04150-12,315,Phosphorylation_S,0.932461211367719
Q92731,17,Glycosylation_N,0.9324461847371276
Q92731-1,17,Glycosylation_N,0.9324461847371276
P04150-12,330,Ubiquitination_K,0.9321879096885268
Q14994-5,178,Glycosylation_N,0.93208737318088
P08235-3,57,Glycosylation_N,0.9319995253016676
P08235-1,57,Glycosylation_N,0.9319995253016676
P08235-4,57,Glycosylation_N,0.9319995253016676
P08235,57,Glycosylation_N,0.9319995253016676
P08235-2,57,Glycosylation_N,0.9319995253016676
Q92570-2,264,Phosphorylation_S,0.9319622748518626
P35398-4,321,Glycosylation_N,0.9318586799564116
P08235-4,795,Glycosylation_N,0.9317163933162014
P04150-11,334,Ubiquitination_K,0.9316667474422796
P08235-2,290,Glycosylation_N,0.9312885950664072
P08235-4,290,Glycosylation_N,0.9312885950664072
P08235,290,Glycosylation_N,0.9312885950664072
P08235-3,290,Glycosylation_N,0.9312885950664072
P08235-1,290,Glycosylation_N,0.9312885950664072
Q92731-8,55,Glycosylation_N,0.9311576184666084
P19793-2,48,Acetylation_K,0.9311382054666508
P19793,27,Phosphorylation_S,0.9311203179007348
P19793-1,27,Phosphorylation_S,0.9311203179007348
Q14994-15,268,Phosphorylation_S,0.9309984939409726
P04150-15,44,Glycosylation_N,0.9309956549601002
P04150-9,348,Glycosylation_N,0.9309187743896128
P04150-8,348,Glycosylation_N,0.9309187743896128
P04150-8,244,Glycosylation_N,0.9308303531572696
P04150-9,244,Glycosylation_N,0.9308303531572696
O95718-2,202,Phosphorylation_S,0.9307978302998716
Q96RI1-5,159,Methylation_K,0.9303336180347168
P13056-3,215,Phosphorylation_S,0.9301504052590353
P04150-7,374,Glycosylation_N,0.9300610143504529
P04150-5,374,Glycosylation_N,0.9300610143504529
Q92731-5,17,Glycosylation_N,0.9297654117771424
P04150-10,348,Glycosylation_N,0.9295538109926426
Q92731-9,17,Glycosylation_N,0.9295486683968468
P43354-2,28,Sumoylation_K,0.9295195877075568
Q14541,373,Phosphorylation_T,0.9291610251911682
Q14541-1,373,Phosphorylation_T,0.9291610251911682
P43354,91,Sumoylation_K,0.9289385628339732
P43354-1,91,Sumoylation_K,0.9289385628339732
Q9Y5X4,156,Phosphorylation_S,0.928922776495836
Q9Y5X4-1,156,Phosphorylation_S,0.928922776495836
Q14994-6,178,Glycosylation_N,0.9287964077202334
Q14994-12,311,Phosphorylation_S,0.9287105527127508
P41235-3,142,Phosphorylation_S,0.9278636785984432
Q92731-2,55,Glycosylation_N,0.9277359878061172
P49116-1,569,Glycosylation_N,0.9274649941107178
P49116,569,Glycosylation_N,0.9274649941107178
O00482-4,73,Acetylation_K,0.9273227630437184
P13056-3,360,Glycosylation_N,0.9271379857514204
P10275-3,535,Phosphorylation_Y,0.927093146600973
P10275-4,535,Phosphorylation_Y,0.9269781244058338
P13056-3,222,Phosphorylation_T,0.9269616368663712
Q15406-3,116,Phosphorylation_S,0.926924523167491
P04150-16,39,Glycosylation_N,0.9262988760251628
Q14994-13,312,Phosphorylation_S,0.9262322425624226
P10276-3,4,Glycosylation_N,0.9261858429065616
Q92731-6,17,Glycosylation_N,0.925493237581332
Q15406-2,138,Phosphorylation_S,0.9254870213165944
P41235-1,38,Glycosylation_N,0.9253144596857916
P41235,38,Glycosylation_N,0.9253144596857916
Q15406-1,142,Phosphorylation_S,0.9249706214874264
Q15406,142,Phosphorylation_S,0.9249706214874264
P03372-2,10,Glycosylation_S,0.9249528222133052
P04150-11,319,Phosphorylation_S,0.9244400830797423
Q15406-5,138,Phosphorylation_S,0.9235818346559764
Q15406-4,142,Phosphorylation_S,0.9226546664025008
P43354,351,Phosphorylation_S,0.922307818691848
P43354-1,351,Phosphorylation_S,0.922307818691848
P04150-14,59,Glycosylation_N,0.9222762474786036
P04150-1,23,Methylation_R,0.92224484806637
P04150-2,23,Methylation_R,0.92224484806637
P04150,23,Methylation_R,0.92224484806637
P13631-1,295,Glycosylation_N,0.9215347824632174
P13631,295,Glycosylation_N,0.9215347824632174
P35398-2,183,Phosphorylation_T,0.9214864982825164
P35398,183,Phosphorylation_T,0.9214864982825164
P04150-13,307,Phosphorylation_S,0.9213697646430168
P10276-1,4,Glycosylation_N,0.9211856319393924
P10276,4,Glycosylation_N,0.9211856319393924
Q15466,22,Phosphorylation_Y,0.9202254323664198
Q92731-2,61,Glycosylation_N,0.9201321070599688
Q15466,57,Methylation_R,0.919979035365791
Q13133-3,153,Phosphorylation_S,0.9195938343160182
P10827-1,12,Phosphorylation_S,0.9195895985760748
P10827,12,Phosphorylation_S,0.9195895985760748
P04150-9,19,Phosphorylation_S,0.9195570837842536
P04150-8,19,Phosphorylation_S,0.9195570837842536
P08235-4,47,Glycosylation_N,0.9193241110811946
P08235-2,47,Glycosylation_N,0.9193241110811946
P08235,47,Glycosylation_N,0.9193241110811946
P08235-3,47,Glycosylation_N,0.9193241110811946
P08235-1,47,Glycosylation_N,0.9193241110811946
P08235,199,Glycosylation_N,0.9191468973074216
P08235-4,199,Glycosylation_N,0.9191468973074216
P08235-3,199,Glycosylation_N,0.9191468973074216
P08235-2,199,Glycosylation_N,0.9191468973074216
P08235-1,199,Glycosylation_N,0.9191468973074216
P19793-2,11,Sumoylation_K,0.9179029357497768
P22736-1,273,Glycosylation_N,0.9178544738070892
P22736,273,Glycosylation_N,0.9178544738070892
Q14994-15,207,Glycosylation_N,0.9176954869854084
P35398-2,376,Glycosylation_N,0.917652056256026
P35398,376,Glycosylation_N,0.917652056256026
Q14994-9,278,Phosphorylation_S,0.9173861430471328
P10275-4,552,Phosphorylation_Y,0.916581229492749
P04150,374,Glycosylation_N,0.916544496724364
P04150-2,374,Glycosylation_N,0.916544496724364
P04150-1,374,Glycosylation_N,0.916544496724364
P04150-13,322,Ubiquitination_K,0.9160900572164438
P49116-2,340,Glycosylation_N,0.9160312286323772
Q14994-13,207,Glycosylation_N,0.915868747576854
O75469-7,15,Methylation_R,0.9158588032050357
Q14994-10,283,Phosphorylation_S,0.9157020416166914
P10276-2,364,Phosphorylation_S,0.915298255779611
P04150-11,289,Glycosylation_N,0.9152646271163636
Q92731-8,61,Glycosylation_N,0.915131913157222
Q14994-11,287,Phosphorylation_S,0.9150891349232426
P49116,321,Glycosylation_N,0.9150016778485794
P49116-1,321,Glycosylation_N,0.9150016778485794
P35398-3,393,Glycosylation_N,0.9149683217187632
Q92731-2,87,Phosphorylation_S,0.9146684538733754
P04150-6,23,Methylation_R,0.91455870137969
P04150-3,23,Methylation_R,0.91455870137969
P04150-15,377,Glycosylation_N,0.9142002306199996
P04150-13,610,Glycosylation_N,0.9137455318453592
Q92570-2,85,Sumoylation_K,0.913165802006996
P04150-12,618,Glycosylation_N,0.9131453253550068
Q14994-16,239,Phosphorylation_S,0.9125689972563356
P03372-2,118,Phosphorylation_S,0.9122923839603184
P04150-12,285,Glycosylation_N,0.9118712499800452
P49116-1,98,Phosphorylation_S,0.9115694580305436
P49116,98,Phosphorylation_S,0.9115694580305436
P41235-4,343,Phosphorylation_S,0.9112073830143258
P04150-8,491,Glycosylation_N,0.9107296878099334
P13631-3,7,Phosphorylation_S,0.9106090713315385
P08235-1,58,Glycosylation_N,0.9105426550753096
P08235,58,Glycosylation_N,0.9105426550753096
P08235-4,58,Glycosylation_N,0.9105426550753096
P08235-2,58,Glycosylation_N,0.9105426550753096
P08235-3,58,Glycosylation_N,0.9105426550753096
P04150-10,681,Glycosylation_N,0.910211133837992
P03372-2,167,Phosphorylation_S,0.9099402284709566
P08235-4,318,Glycosylation_N,0.9098015473332284
P08235-1,318,Glycosylation_N,0.9098015473332284
P08235-2,318,Glycosylation_N,0.9098015473332284
P08235,318,Glycosylation_N,0.9098015473332284
P08235-3,318,Glycosylation_N,0.9098015473332284
P51449-1,205,Phosphorylation_S,0.9097912656581468
P51449,205,Phosphorylation_S,0.9097912656581468
Q92731,105,Phosphorylation_S,0.9094704483110172
Q92731-1,105,Phosphorylation_S,0.9094704483110172
P10276-2,288,Glycosylation_N,0.9093518930121104
P13631-1,172,Sumoylation_K,0.9092905304169128
P13631,172,Sumoylation_K,0.9092905304169128
P10276-2,161,Sumoylation_K,0.909218195772492
P49116-2,167,Glycosylation_N,0.9090216950047668
P04150-16,372,Glycosylation_N,0.9088328813987602
P10276-3,69,Sumoylation_K,0.9082727862981784
P04150-11,622,Glycosylation_N,0.9075443049870066
P49116-2,74,Phosphorylation_S,0.907210187082828
P04150-3,374,Glycosylation_N,0.9068615132214196
P04150-6,374,Glycosylation_N,0.9068615132214196
P13056-3,197,Phosphorylation_S,0.9067781248123667
P06401-1,345,Phosphorylation_S,0.9066629473928826
P06401,345,Phosphorylation_S,0.9066629473928826
P06401-5,345,Phosphorylation_S,0.9066629473928826
P28702-3,331,Phosphorylation_S,0.9066082342318664
P13056-2,360,Glycosylation_N,0.9065359377907842
P10589,31,Methylation_R,0.906391074976114
P37231-3,79,Sumoylation_K,0.9063243553015932
O00482-2,286,Glycosylation_N,0.9062848940224244
Q03181-4,209,Glycosylation_N,0.9062133325514728
O95718-2,191,Phosphorylation_S,0.9061959594391312
P03372,167,Phosphorylation_S,0.9059725409093644
P03372-1,167,Phosphorylation_S,0.9059725409093644
Q92570,85,Sumoylation_K,0.9054737982940458
Q92570-1,85,Sumoylation_K,0.9054737982940458
Q92731-9,87,Phosphorylation_S,0.9049593785391798
P10827,199,Phosphorylation_S,0.9048725745911764
P10827-1,199,Phosphorylation_S,0.9048725745911764
P10826-2,67,Phosphorylation_S,0.904737945399138
P48443,149,Acetylation_K,0.9045924310079226
P10276-3,272,Phosphorylation_S,0.9041172917525732
P51449-2,352,Glycosylation_N,0.9038398624659923
O95718-3,191,Phosphorylation_S,0.9035264641374864
O95718,191,Phosphorylation_S,0.9035264641374864
Q92753-2,2,Palmitoylation_C,0.9027965036870692
Q92753,2,Palmitoylation_C,0.9027965036870692
Q92731-3,87,Phosphorylation_S,0.901801286911934
P51449-2,232,Phosphorylation_S,0.901458802151988
P35398-3,121,Glycosylation_N,0.9011480605526064
P49116-2,250,Acetylation_K,0.9004912743752227
P04150-13,170,Phosphorylation_S,0.9004607280393225
P49116-2,305,Glycosylation_N,0.8999479171809146
P04150-12,181,Glycosylation_N,0.8993001065898257
P13056,360,Glycosylation_N,0.8990679889275944
P13056-1,360,Glycosylation_N,0.8990679889275944
P13631-3,100,Sumoylation_K,0.8984593119134717
P62508-2,22,Phosphorylation_S,0.8983822165569327
P55055-1,126,Methylation_R,0.8982868760689882
P55055,126,Methylation_R,0.8982868760689882
P20393,343,Glycosylation_N,0.8974712769614485
P28702,331,Phosphorylation_S,0.8959562978401826
P28702-1,331,Phosphorylation_S,0.8959562978401826
P04150-12,428,Glycosylation_N,0.8957446584319432
P04150-11,185,Glycosylation_N,0.8953824573266674
Q14541-1,370,Phosphorylation_T,0.8952547788631764
Q14541,370,Phosphorylation_T,0.8952547788631764
P03372-2,104,Phosphorylation_S,0.8943786089617897
P13631-2,165,Phosphorylation_S,0.8943484930483181
Q13133-2,198,Phosphorylation_S,0.8940449409155671
P04150-10,23,Methylation_R,0.8939237826930444
P49116-1,55,Phosphorylation_S,0.8938189309755525
P49116,55,Phosphorylation_S,0.8938189309755525
P62508-3,22,Phosphorylation_S,0.8935575787413013
P51449-2,184,Phosphorylation_S,0.8931524272937621
P04150-11,432,Glycosylation_N,0.8924011965067744
P10276-1,211,Glycosylation_N,0.8922353847894919
P10276,211,Glycosylation_N,0.8922353847894919
P06401-4,57,Phosphorylation_S,0.8918588662263859
P03372-4,104,Methylation_R,0.8917527217103158
P13631-4,191,Glycosylation_N,0.8915242105151873
P10276-3,114,Glycosylation_N,0.8913095533708658
P08235,361,Phosphorylation_S,0.8905702252793516
P08235-4,361,Phosphorylation_S,0.8905702252793516
P08235-3,361,Phosphorylation_S,0.8905702252793516
P08235-1,361,Phosphorylation_S,0.8905702252793516
P08235-2,361,Phosphorylation_S,0.8905702252793516
P10827-3,199,Phosphorylation_S,0.890416885159552
P04150-16,182,Glycosylation_N,0.8901091955677043
P04150-10,270,Glycosylation_N,0.8900280166501481
P04150-13,420,Glycosylation_N,0.88876612390754
O00482-1,19,Phosphorylation_T,0.8885194692429135
O00482,19,Phosphorylation_T,0.8885194692429135
P04150-10,491,Glycosylation_N,0.8884818371280121
P08235-1,583,Glycosylation_N,0.8884199676010789
P08235,583,Glycosylation_N,0.8884199676010789
Q92731-7,17,Glycosylation_N,0.8882514430827447
Q13133,198,Phosphorylation_S,0.8881768795018535
Q13133-1,198,Phosphorylation_S,0.8881768795018535
P51449,253,Phosphorylation_S,0.8870388489412895
P51449-1,253,Phosphorylation_S,0.8870388489412895
P04150-9,491,Glycosylation_N,0.8867798798829651
P35398-1,312,Glycosylation_N,0.8866387148200396
P49116-1,595,Phosphorylation_S,0.8865322321459997
P49116,595,Phosphorylation_S,0.8865322321459997
P04150-8,104,Glycosylation_N,0.8856047859417208
P04150-9,104,Glycosylation_N,0.8856047859417208
P41235-7,120,Phosphorylation_S,0.8850843718493365
P04150-10,141,Phosphorylation_S,0.8845945200403643
P10827-4,199,Phosphorylation_S,0.8844182304015389
P04150-15,187,Glycosylation_N,0.8842752306649178
Q92731-5,87,Phosphorylation_S,0.8842247528115252
Q92570-3,96,Sumoylation_K,0.8834399829234941
P35398-1,409,Glycosylation_N,0.8834183242121382
P06401-2,181,Phosphorylation_S,0.8833611993886148
P13631-2,161,Sumoylation_K,0.8824825235289494
P35398-1,137,Glycosylation_N,0.882281197478205
P08235-3,583,Glycosylation_N,0.8822301752858072
Q92731-8,87,Phosphorylation_S,0.882177503643512
O95718-1,191,Phosphorylation_S,0.8814951693067162
P04150,517,Glycosylation_N,0.8807181815173221
P04150-1,517,Glycosylation_N,0.8807181815173221
P04150-7,270,Glycosylation_N,0.88033119747262
P04150-5,270,Glycosylation_N,0.88033119747262
P04150-14,202,Glycosylation_N,0.8792351847267789
P04150-3,518,Glycosylation_N,0.8782196029476161
P08235-2,583,Glycosylation_N,0.8776493698431438
Q92731-4,105,Phosphorylation_S,0.8770388914614818
P03372-3,364,Phosphorylation_Y,0.8764948908509453
P62508-4,157,Phosphorylation_S,0.8757250709219445
P04150-13,383,Acetylation_K,0.8748812649832993
P43354-2,293,Phosphorylation_S,0.8746263158989263
P06401,102,Phosphorylation_S,0.8742860992347463
P06401-5,102,Phosphorylation_S,0.8742860992347463
P06401-1,102,Phosphorylation_S,0.8742860992347463
P04150-13,114,Phosphorylation_S,0.8739932401892945
P10276-3,115,Glycosylation_N,0.8735423013286736
P35398-4,224,Glycosylation_N,0.8734193195421759
Q92731-4,87,Phosphorylation_S,0.8727338388973672
P35398-2,38,Methylation_K,0.8726815172928025
P35398,38,Methylation_K,0.8726815172928025
P41235-3,166,Phosphorylation_T,0.872488717677488
P20393,8,Glycosylation_N,0.8717347344273252
P04150-5,519,Sumoylation_K,0.8716784068550749
P13631-2,172,Phosphorylation_S,0.870956857224824
P06401-2,512,Phosphorylation_S,0.8709070679954212
P04150-2,270,Glycosylation_N,0.8702295651837855
P04150,270,Glycosylation_N,0.8702295651837855
P04150-1,270,Glycosylation_N,0.8702295651837855
Q14541,118,Phosphorylation_S,0.8695571163840355
Q14541-1,118,Phosphorylation_S,0.8695571163840355
Q14994-9,178,Glycosylation_N,0.8692761236018306
P04150-5,23,Methylation_R,0.8685062346514374
P04150-7,23,Methylation_R,0.8685062346514374
P04150-12,24,Phosphorylation_S,0.8684052583515713
P04150-11,28,Phosphorylation_S,0.868332418715016
P62508-5,50,Phosphorylation_S,0.8679052286116213
P35398-3,296,Glycosylation_N,0.8671252470103363
P04150-11,56,Phosphorylation_S,0.8659277889609431
P08235-4,583,Glycosylation_N,0.865513301041447
Q14995,45,Glycosylation_N,0.8653792352363026
P13631-4,154,Phosphorylation_S,0.8651181891177901
P41235-7,144,Phosphorylation_T,0.864172022925123
P10827-4,12,Phosphorylation_S,0.863813735903721
P04150-6,270,Glycosylation_N,0.8624277642063075
P04150-3,270,Glycosylation_N,0.8624277642063075
P10827-3,12,Phosphorylation_S,0.8617734442919042
P13631-2,202,Glycosylation_N,0.8617508008447488
P04150-2,517,Glycosylation_N,0.8613896401861076
P37231-1,24,Glycosylation_N,0.8612119423197834
P37231,24,Glycosylation_N,0.8612119423197834
Q14994-11,178,Glycosylation_N,0.8607360542942892
Q92731-2,17,Glycosylation_N,0.8604398846461802
P06401-2,49,Phosphorylation_S,0.86009478660749
P04150-6,518,Glycosylation_N,0.8590088218179414
P10276-1,212,Glycosylation_N,0.8588189649006722
P10276,212,Glycosylation_N,0.8588189649006722
P19793,16,Glycosylation_N,0.8569297271818066
P19793-1,16,Glycosylation_N,0.8569297271818066
Q15406-4,149,Phosphorylation_S,0.8569036785177195
Q9Y5X4-2,330,Sumoylation_K,0.8568709653697791
P13631-3,141,Glycosylation_N,0.8565185910080939
Q15406-5,145,Phosphorylation_S,0.8556838345669819
Q14994-16,178,Glycosylation_N,0.8556490401910493
P62508,219,Phosphorylation_S,0.8546689701835959
P62508-1,219,Phosphorylation_S,0.8546689701835959
Q92731-9,105,Phosphorylation_S,0.8546040795985426
Q92731-7,87,Phosphorylation_S,0.854535154033456
P03372-3,104,Methylation_R,0.854179561084074
Q14994-10,178,Glycosylation_N,0.8537940576019497
Q92731-6,105,Phosphorylation_S,0.8525936307627171
P62508-2,196,Phosphorylation_S,0.8524177487280394
P41235-7,291,Phosphorylation_S,0.8522521893943944
P49116-2,117,Phosphorylation_S,0.8513044798708367
Q15406,149,Phosphorylation_S,0.8512788498798165
Q15406-1,149,Phosphorylation_S,0.8512788498798165
P13056-1,561,Glycosylation_N,0.8511510529065084
P13056,561,Glycosylation_N,0.8511510529065084
O75469-5,6,Palmitoylation_C,0.8510619696663858
P35398,104,Glycosylation_N,0.850897099300105
P35398-2,104,Glycosylation_N,0.850897099300105
P13631-3,104,Phosphorylation_S,0.8505679374095921
P08235-3,916,Glycosylation_N,0.8504533036128648
P43354-1,356,Phosphorylation_S,0.850174404122493
P43354,356,Phosphorylation_S,0.850174404122493
P13631-1,176,Phosphorylation_S,0.8496077864756917
P13631,176,Phosphorylation_S,0.8496077864756917
Q92731-8,17,Glycosylation_N,0.8491319983043141
Q15406-2,145,Phosphorylation_S,0.8490918933426235
P43354-2,118,Phosphorylation_S,0.8484130107535773
P04150-7,519,Sumoylation_K,0.8472482649994229
P37231-2,79,Sumoylation_K,0.8471843056537944
P10826,211,Glycosylation_N,0.8466957728134192
P10826-1,211,Glycosylation_N,0.8466957728134192
P62508-4,159,Phosphorylation_Y,0.8460315060102455
P08235,912,Glycosylation_N,0.8453493529559856
P08235-1,912,Glycosylation_N,0.8453493529559856
Q92753-1,135,Glycosylation_N,0.8450872579531329
O75469-2,6,Palmitoylation_C,0.8439970052589418
P20393,400,Acetylation_K,0.8438109413837928
O00482-1,332,Glycosylation_N,0.8435867312440568
O00482,332,Glycosylation_N,0.8435867312440568
P37231-1,107,Sumoylation_K,0.8421415940212689
P37231,107,Sumoylation_K,0.8421415940212689
P35398-4,49,Glycosylation_N,0.8412435152282085
P13631,79,Phosphorylation_S,0.8409411794614033
P13631-1,79,Phosphorylation_S,0.8409411794614033
P04150-13,277,Glycosylation_N,0.8394044878593403
P04150-10,130,Glycosylation_N,0.8390691048969015
P62508,221,Phosphorylation_Y,0.8381680614979983
P62508-1,221,Phosphorylation_Y,0.8381680614979983
P13631-1,36,Phosphorylation_S,0.83800666216655
P13631,36,Phosphorylation_S,0.83800666216655
P13631-4,158,Phosphorylation_Y,0.837457516850568
P41235-3,313,Phosphorylation_S,0.8374002866578043
P13631-3,111,Phosphorylation_S,0.8370320621288269
P04150-11,45,Glycosylation_N,0.8367289961790466
Q92731-2,105,Phosphorylation_S,0.8360162048069575
O00482-4,171,Phosphorylation_S,0.8351257422738422
P43354-2,296,Phosphorylation_S,0.8342129504158636
Q92731-5,105,Phosphorylation_S,0.8338215672550072
P04150-5,130,Glycosylation_N,0.8334652987219365
P04150-7,130,Glycosylation_N,0.8334652987219365
P13631-1,183,Phosphorylation_S,0.8311030583297205
P13631,183,Phosphorylation_S,0.8311030583297205
P10276-3,122,Phosphorylation_S,0.830778691708105
O00482-3,19,Phosphorylation_T,0.8305995394386947
Q15406-3,123,Phosphorylation_S,0.8297480386246376
P04150-12,41,Glycosylation_N,0.8297433211087452
P43354-2,187,Phosphorylation_S,0.8297186533849761
P13631-4,161,Phosphorylation_S,0.8293278864744745
Q92753-2,146,Glycosylation_N,0.8293123271680168
Q92753,146,Glycosylation_N,0.8293123271680168
P35398-2,279,Glycosylation_N,0.8290780617246708
P35398,279,Glycosylation_N,0.8290780617246708
P19793,91,Phosphorylation_S,0.828949239153199
P19793-1,91,Phosphorylation_S,0.828949239153199
P10827-2,199,Phosphorylation_S,0.8289034362811616
P49116-2,614,Phosphorylation_S,0.8287932859456864
P10826-2,204,Glycosylation_N,0.8244176148491109
P43354,359,Phosphorylation_S,0.8241042220300523
P43354-1,359,Phosphorylation_S,0.8241042220300523
P04150-9,681,Glycosylation_N,0.8239700861477576
Q92731-1,60,Glycosylation_S,0.823726545913707
Q92731,60,Glycosylation_S,0.823726545913707
P62508-4,22,Phosphorylation_S,0.8235319144542892
P19793-1,96,Phosphorylation_S,0.8207259100225748
P19793,96,Phosphorylation_S,0.8207259100225748
P13631,43,Phosphorylation_S,0.8198653816878835
P13631-1,43,Phosphorylation_S,0.8198653816878835
P10276-2,69,Phosphorylation_S,0.8175067337668145
Q07869,12,Phosphorylation_S,0.8157480162821905
Q07869-1,12,Phosphorylation_S,0.8157480162821905
P10589,51,Phosphorylation_T,0.8147574435500202
Q92731,529,Phosphorylation_S,0.8141274352087013
Q92731-1,529,Phosphorylation_S,0.8141274352087013
P62508-2,198,Phosphorylation_Y,0.8138587973167034
P08235-2,263,Phosphorylation_S,0.8137221206066708
P08235-3,263,Phosphorylation_S,0.8137221206066708
P08235-1,263,Phosphorylation_S,0.8137221206066708
P08235-4,263,Phosphorylation_S,0.8137221206066708
P08235,263,Phosphorylation_S,0.8137221206066708
P08235,129,Phosphorylation_S,0.8132502152501523
P08235-4,129,Phosphorylation_S,0.8132502152501523
P08235-3,129,Phosphorylation_S,0.8132502152501523
P08235-2,129,Phosphorylation_S,0.8132502152501523
P08235-1,129,Phosphorylation_S,0.8132502152501523
P04150-7,480,Acetylation_K,0.8126454296790201
P62508-5,224,Phosphorylation_S,0.8124294210078861
P11474-2,12,Phosphorylation_Y,0.8121486855888012
P35398-3,200,Phosphorylation_T,0.8114309580538164
P04150-6,708,Glycosylation_N,0.8113162543702619
P11474,12,Phosphorylation_Y,0.8099893059719256
P11474-1,12,Phosphorylation_Y,0.8099893059719256
P04150-1,130,Glycosylation_N,0.8093476781956306
P04150,130,Glycosylation_N,0.8093476781956306
P04150-2,130,Glycosylation_N,0.8093476781956306
P04150-2,707,Glycosylation_N,0.8085627892981068
P43354-1,181,Phosphorylation_S,0.8081773544411068
P43354,181,Phosphorylation_S,0.8081773544411068
P04150-13,173,Glycosylation_N,0.8055755877356013
Q92731,407,Glycosylation_N,0.8055701271790031
Q92731-1,407,Glycosylation_N,0.8055701271790031
P10826-3,92,Glycosylation_N,0.8049278212450411
P03372-2,335,Palmitoylation_C,0.8045964537702788
O00482-2,19,Phosphorylation_T,0.8035625161812974
P28702-1,215,Acetylation_K,0.8033765092426312
P28702,215,Acetylation_K,0.8033765092426312
P04150-3,130,Glycosylation_N,0.8024981011859162
P04150-6,130,Glycosylation_N,0.8024981011859162
P28702-3,215,Acetylation_K,0.8020086903641489
Q14995,46,Phosphorylation_S,0.801280148530134
Q96RI1-3,289,Sumoylation_K,0.8011865095162736
Q96RI1,289,Sumoylation_K,0.8011865095162736
P35398-1,220,Glycosylation_N,0.8007737445400095
